date,season,year,month,holiday,weekday,workingday,weathersit,casual,registered,count,recency
2011-01-01,Winter,2011,Jan,No,Sat,No,Clear,331,654,985,730
2011-01-02,Winter,2011,Jan,No,Sun,No,Mist,131,670,801,729
2011-01-03,Winter,2011,Jan,No,Mon,Yes,Clear,120,1229,1349,728
2011-01-04,Winter,2011,Jan,No,Tue,Yes,Clear,108,1454,1562,727
2011-01-05,Winter,2011,Jan,No,Wed,Yes,Clear,82,1518,1600,726
2011-01-06,Winter,2011,Jan,No,Thu,Yes,Clear,88,1518,1606,725
2011-01-07,Winter,2011,Jan,No,Fri,Yes,Mist,148,1362,1510,724
2011-01-08,Winter,2011,Jan,No,Sat,No,Mist,68,891,959,723
2011-01-09,Winter,2011,Jan,No,Sun,No,Clear,54,768,822,722
2011-01-10,Winter,2011,Jan,No,Mon,Yes,Clear,41,1280,1321,721
2011-01-11,Winter,2011,Jan,No,Tue,Yes,Clear,43,1220,1263,720
2011-01-12,Winter,2011,Jan,No,Wed,Yes,Mist,25,1137,1162,719
2011-01-13,Winter,2011,Jan,No,Thu,Yes,Clear,38,1368,1406,718
2011-01-14,Winter,2011,Jan,No,Fri,Yes,Clear,54,1367,1421,717
2011-01-15,Winter,2011,Jan,No,Sat,No,Clear,222,1026,1248,716
2011-01-16,Winter,2011,Jan,No,Sun,No,Clear,251,953,1204,715
2011-01-17,Winter,2011,Jan,Yes,Mon,No,Mist,117,883,1000,714
2011-01-18,Winter,2011,Jan,No,Tue,Yes,Mist,9,674,683,713
2011-01-19,Winter,2011,Jan,No,Wed,Yes,Mist,78,1572,1650,712
2011-01-20,Winter,2011,Jan,No,Thu,Yes,Clear,83,1844,1927,711
2011-01-21,Winter,2011,Jan,No,Fri,Yes,Mist,75,1468,1543,710
2011-01-22,Winter,2011,Jan,No,Sat,No,Clear,93,888,981,709
2011-01-23,Winter,2011,Jan,No,Sun,No,Clear,150,836,986,708
2011-01-24,Winter,2011,Jan,No,Mon,Yes,Clear,86,1330,1416,707
2011-01-25,Winter,2011,Jan,No,Tue,Yes,Mist,186,1799,1985,706
2011-01-26,Winter,2011,Jan,No,Wed,Yes,Mist,34,472,506,705
2011-01-27,Winter,2011,Jan,No,Thu,Yes,Clear,15,416,431,704
2011-01-28,Winter,2011,Jan,No,Fri,Yes,Mist,38,1129,1167,703
2011-01-29,Winter,2011,Jan,No,Sat,No,Clear,123,975,1098,702
2011-01-30,Winter,2011,Jan,No,Sun,No,Clear,140,956,1096,701
2011-01-31,Winter,2011,Jan,No,Mon,Yes,Mist,42,1459,1501,700
2011-02-01,Winter,2011,Feb,No,Tue,Yes,Mist,47,1313,1360,699
2011-02-02,Winter,2011,Feb,No,Wed,Yes,Light Rain,72,1454,1526,698
2011-02-03,Winter,2011,Feb,No,Thu,Yes,Clear,61,1489,1550,697
2011-02-04,Winter,2011,Feb,No,Fri,Yes,Mist,88,1620,1708,696
2011-02-05,Winter,2011,Feb,No,Sat,No,Mist,100,905,1005,695
2011-02-06,Winter,2011,Feb,No,Sun,No,Clear,354,1269,1623,694
2011-02-07,Winter,2011,Feb,No,Mon,Yes,Clear,120,1592,1712,693
2011-02-08,Winter,2011,Feb,No,Tue,Yes,Mist,64,1466,1530,692
2011-02-09,Winter,2011,Feb,No,Wed,Yes,Clear,53,1552,1605,691
2011-02-10,Winter,2011,Feb,No,Thu,Yes,Light Rain,47,1491,1538,690
2011-02-11,Winter,2011,Feb,No,Fri,Yes,Clear,149,1597,1746,689
2011-02-12,Winter,2011,Feb,No,Sat,No,Clear,288,1184,1472,688
2011-02-13,Winter,2011,Feb,No,Sun,No,Clear,397,1192,1589,687
2011-02-14,Winter,2011,Feb,No,Mon,Yes,Clear,208,1705,1913,686
2011-02-15,Winter,2011,Feb,No,Tue,Yes,Clear,140,1675,1815,685
2011-02-16,Winter,2011,Feb,No,Wed,Yes,Clear,218,1897,2115,684
2011-02-17,Winter,2011,Feb,No,Thu,Yes,Clear,259,2216,2475,683
2011-02-18,Winter,2011,Feb,No,Fri,Yes,Clear,579,2348,2927,682
2011-02-19,Winter,2011,Feb,No,Sat,No,Clear,532,1103,1635,681
2011-02-20,Winter,2011,Feb,No,Sun,No,Clear,639,1173,1812,680
2011-02-21,Winter,2011,Feb,Yes,Mon,No,Mist,195,912,1107,679
2011-02-22,Winter,2011,Feb,No,Tue,Yes,Mist,74,1376,1450,678
2011-02-23,Winter,2011,Feb,No,Wed,Yes,Clear,139,1778,1917,677
2011-02-24,Winter,2011,Feb,No,Thu,Yes,Clear,100,1707,1807,676
2011-02-25,Winter,2011,Feb,No,Fri,Yes,Light Rain,120,1341,1461,675
2011-02-26,Winter,2011,Feb,No,Sat,No,Clear,424,1545,1969,674
2011-02-27,Winter,2011,Feb,No,Sun,No,Clear,694,1708,2402,673
2011-02-28,Winter,2011,Feb,No,Mon,Yes,Mist,81,1365,1446,672
2011-03-01,Winter,2011,Mar,No,Tue,Yes,Clear,137,1714,1851,671
2011-03-02,Winter,2011,Mar,No,Wed,Yes,Clear,231,1903,2134,670
2011-03-03,Winter,2011,Mar,No,Thu,Yes,Clear,123,1562,1685,669
2011-03-04,Winter,2011,Mar,No,Fri,Yes,Mist,214,1730,1944,668
2011-03-05,Winter,2011,Mar,No,Sat,No,Mist,640,1437,2077,667
2011-03-06,Winter,2011,Mar,No,Sun,No,Mist,114,491,605,666
2011-03-07,Winter,2011,Mar,No,Mon,Yes,Light Rain,244,1628,1872,665
2011-03-08,Winter,2011,Mar,No,Tue,Yes,Clear,316,1817,2133,664
2011-03-09,Winter,2011,Mar,No,Wed,Yes,Clear,191,1700,1891,663
2011-03-10,Winter,2011,Mar,No,Thu,Yes,Light Rain,46,577,623,662
2011-03-11,Winter,2011,Mar,No,Fri,Yes,Mist,247,1730,1977,661
2011-03-12,Winter,2011,Mar,No,Sat,No,Clear,724,1408,2132,660
2011-03-13,Winter,2011,Mar,No,Sun,No,Clear,982,1435,2417,659
2011-03-14,Winter,2011,Mar,No,Mon,Yes,Clear,359,1687,2046,658
2011-03-15,Winter,2011,Mar,No,Tue,Yes,Clear,289,1767,2056,657
2011-03-16,Winter,2011,Mar,No,Wed,Yes,Light Rain,321,1871,2192,656
2011-03-17,Winter,2011,Mar,No,Thu,Yes,Clear,424,2320,2744,655
2011-03-18,Winter,2011,Mar,No,Fri,Yes,Clear,884,2355,3239,654
2011-03-19,Winter,2011,Mar,No,Sat,No,Mist,1424,1693,3117,653
2011-03-20,Winter,2011,Mar,No,Sun,No,Clear,1047,1424,2471,652
2011-03-21,Spring,2011,Mar,No,Mon,Yes,Light Rain,401,1676,2077,651
2011-03-22,Spring,2011,Mar,No,Tue,Yes,Clear,460,2243,2703,650
2011-03-23,Spring,2011,Mar,No,Wed,Yes,Light Rain,203,1918,2121,649
2011-03-24,Spring,2011,Mar,No,Thu,Yes,Mist,166,1699,1865,648
2011-03-25,Spring,2011,Mar,No,Fri,Yes,Clear,300,1910,2210,647
2011-03-26,Spring,2011,Mar,No,Sat,No,Mist,981,1515,2496,646
2011-03-27,Spring,2011,Mar,No,Sun,No,Mist,472,1221,1693,645
2011-03-28,Spring,2011,Mar,No,Mon,Yes,Clear,222,1806,2028,644
2011-03-29,Spring,2011,Mar,No,Tue,Yes,Clear,317,2108,2425,643
2011-03-30,Spring,2011,Mar,No,Wed,Yes,Mist,168,1368,1536,642
2011-03-31,Spring,2011,Mar,No,Thu,Yes,Light Rain,179,1506,1685,641
2011-04-01,Spring,2011,Apr,No,Fri,Yes,Light Rain,307,1920,2227,640
2011-04-02,Spring,2011,Apr,No,Sat,No,Mist,898,1354,2252,639
2011-04-03,Spring,2011,Apr,No,Sun,No,Clear,1651,1598,3249,638
2011-04-04,Spring,2011,Apr,No,Mon,Yes,Clear,734,2381,3115,637
2011-04-05,Spring,2011,Apr,No,Tue,Yes,Clear,167,1628,1795,636
2011-04-06,Spring,2011,Apr,No,Wed,Yes,Clear,413,2395,2808,635
2011-04-07,Spring,2011,Apr,No,Thu,Yes,Clear,571,2570,3141,634
2011-04-08,Spring,2011,Apr,No,Fri,Yes,Mist,172,1299,1471,633
2011-04-09,Spring,2011,Apr,No,Sat,No,Mist,879,1576,2455,632
2011-04-10,Spring,2011,Apr,No,Sun,No,Mist,1188,1707,2895,631
2011-04-11,Spring,2011,Apr,No,Mon,Yes,Clear,855,2493,3348,630
2011-04-12,Spring,2011,Apr,No,Tue,Yes,Mist,257,1777,2034,629
2011-04-13,Spring,2011,Apr,No,Wed,Yes,Mist,209,1953,2162,628
2011-04-14,Spring,2011,Apr,No,Thu,Yes,Clear,529,2738,3267,627
2011-04-15,Spring,2011,Apr,Yes,Fri,No,Clear,642,2484,3126,626
2011-04-16,Spring,2011,Apr,No,Sat,No,Mist,121,674,795,625
2011-04-17,Spring,2011,Apr,No,Sun,No,Mist,1558,2186,3744,624
2011-04-18,Spring,2011,Apr,No,Mon,Yes,Clear,669,2760,3429,623
2011-04-19,Spring,2011,Apr,No,Tue,Yes,Clear,409,2795,3204,622
2011-04-20,Spring,2011,Apr,No,Wed,Yes,Clear,613,3331,3944,621
2011-04-21,Spring,2011,Apr,No,Thu,Yes,Clear,745,3444,4189,620
2011-04-22,Spring,2011,Apr,No,Fri,Yes,Clear,177,1506,1683,619
2011-04-23,Spring,2011,Apr,No,Sat,No,Mist,1462,2574,4036,618
2011-04-24,Spring,2011,Apr,No,Sun,No,Clear,1710,2481,4191,617
2011-04-25,Spring,2011,Apr,No,Mon,Yes,Light Rain,773,3300,4073,616
2011-04-26,Spring,2011,Apr,No,Tue,Yes,Clear,678,3722,4400,615
2011-04-27,Spring,2011,Apr,No,Wed,Yes,Clear,547,3325,3872,614
2011-04-28,Spring,2011,Apr,No,Thu,Yes,Clear,569,3489,4058,613
2011-04-29,Spring,2011,Apr,No,Fri,Yes,Clear,878,3717,4595,612
2011-04-30,Spring,2011,Apr,No,Sat,No,Mist,1965,3347,5312,611
2011-05-01,Spring,2011,May,No,Sun,No,Clear,1138,2213,3351,610
2011-05-02,Spring,2011,May,No,Mon,Yes,Clear,847,3554,4401,609
2011-05-03,Spring,2011,May,No,Tue,Yes,Mist,603,3848,4451,608
2011-05-04,Spring,2011,May,No,Wed,Yes,Light Rain,255,2378,2633,607
2011-05-05,Spring,2011,May,No,Thu,Yes,Clear,614,3819,4433,606
2011-05-06,Spring,2011,May,No,Fri,Yes,Clear,894,3714,4608,605
2011-05-07,Spring,2011,May,No,Sat,No,Clear,1612,3102,4714,604
2011-05-08,Spring,2011,May,No,Sun,No,Mist,1401,2932,4333,603
2011-05-09,Spring,2011,May,No,Mon,Yes,Clear,664,3698,4362,602
2011-05-10,Spring,2011,May,No,Tue,Yes,Clear,694,4109,4803,601
2011-05-11,Spring,2011,May,No,Wed,Yes,Mist,550,3632,4182,600
2011-05-12,Spring,2011,May,No,Thu,Yes,Mist,695,4169,4864,599
2011-05-13,Spring,2011,May,No,Fri,Yes,Mist,692,3413,4105,598
2011-05-14,Spring,2011,May,No,Sat,No,Mist,902,2507,3409,597
2011-05-15,Spring,2011,May,No,Sun,No,Mist,1582,2971,4553,596
2011-05-16,Spring,2011,May,No,Mon,Yes,Clear,773,3185,3958,595
2011-05-17,Spring,2011,May,No,Tue,Yes,Mist,678,3445,4123,594
2011-05-18,Spring,2011,May,No,Wed,Yes,Mist,536,3319,3855,593
2011-05-19,Spring,2011,May,No,Thu,Yes,Clear,735,3840,4575,592
2011-05-20,Spring,2011,May,No,Fri,Yes,Clear,909,4008,4917,591
2011-05-21,Spring,2011,May,No,Sat,No,Clear,2258,3547,5805,590
2011-05-22,Spring,2011,May,No,Sun,No,Clear,1576,3084,4660,589
2011-05-23,Spring,2011,May,No,Mon,Yes,Mist,836,3438,4274,588
2011-05-24,Spring,2011,May,No,Tue,Yes,Mist,659,3833,4492,587
2011-05-25,Spring,2011,May,No,Wed,Yes,Light Rain,740,4238,4978,586
2011-05-26,Spring,2011,May,No,Thu,Yes,Clear,758,3919,4677,585
2011-05-27,Spring,2011,May,No,Fri,Yes,Clear,871,3808,4679,584
2011-05-28,Spring,2011,May,No,Sat,No,Clear,2001,2757,4758,583
2011-05-29,Spring,2011,May,No,Sun,No,Clear,2355,2433,4788,582
2011-05-30,Spring,2011,May,Yes,Mon,No,Clear,1549,2549,4098,581
2011-05-31,Spring,2011,May,No,Tue,Yes,Clear,673,3309,3982,580
2011-06-01,Spring,2011,Jun,No,Wed,Yes,Clear,513,3461,3974,579
2011-06-02,Spring,2011,Jun,No,Thu,Yes,Clear,736,4232,4968,578
2011-06-03,Spring,2011,Jun,No,Fri,Yes,Clear,898,4414,5312,577
2011-06-04,Spring,2011,Jun,No,Sat,No,Clear,1869,3473,5342,576
2011-06-05,Spring,2011,Jun,No,Sun,No,Clear,1685,3221,4906,575
2011-06-06,Spring,2011,Jun,No,Mon,Yes,Clear,673,3875,4548,574
2011-06-07,Spring,2011,Jun,No,Tue,Yes,Clear,763,4070,4833,573
2011-06-08,Spring,2011,Jun,No,Wed,Yes,Clear,676,3725,4401,572
2011-06-09,Spring,2011,Jun,No,Thu,Yes,Mist,563,3352,3915,571
2011-06-10,Spring,2011,Jun,No,Fri,Yes,Light Rain,815,3771,4586,570
2011-06-11,Spring,2011,Jun,No,Sat,No,Clear,1729,3237,4966,569
2011-06-12,Spring,2011,Jun,No,Sun,No,Clear,1467,2993,4460,568
2011-06-13,Spring,2011,Jun,No,Mon,Yes,Clear,863,4157,5020,567
2011-06-14,Spring,2011,Jun,No,Tue,Yes,Clear,727,4164,4891,566
2011-06-15,Spring,2011,Jun,No,Wed,Yes,Clear,769,4411,5180,565
2011-06-16,Spring,2011,Jun,No,Thu,Yes,Clear,545,3222,3767,564
2011-06-17,Spring,2011,Jun,No,Fri,Yes,Clear,863,3981,4844,563
2011-06-18,Spring,2011,Jun,No,Sat,No,Clear,1807,3312,5119,562
2011-06-19,Spring,2011,Jun,No,Sun,No,Clear,1639,3105,4744,561
2011-06-20,Spring,2011,Jun,No,Mon,Yes,Clear,699,3311,4010,560
2011-06-21,Summer,2011,Jun,No,Tue,Yes,Clear,774,4061,4835,559
2011-06-22,Summer,2011,Jun,No,Wed,Yes,Clear,661,3846,4507,558
2011-06-23,Summer,2011,Jun,No,Thu,Yes,Clear,746,4044,4790,557
2011-06-24,Summer,2011,Jun,No,Fri,Yes,Clear,969,4022,4991,556
2011-06-25,Summer,2011,Jun,No,Sat,No,Clear,1782,3420,5202,555
2011-06-26,Summer,2011,Jun,No,Sun,No,Clear,1920,3385,5305,554
2011-06-27,Summer,2011,Jun,No,Mon,Yes,Light Rain,854,3854,4708,553
2011-06-28,Summer,2011,Jun,No,Tue,Yes,Mist,732,3916,4648,552
2011-06-29,Summer,2011,Jun,No,Wed,Yes,Mist,848,4377,5225,551
2011-06-30,Summer,2011,Jun,No,Thu,Yes,Clear,1027,4488,5515,550
2011-07-01,Summer,2011,Jul,No,Fri,Yes,Clear,1246,4116,5362,549
2011-07-02,Summer,2011,Jul,No,Sat,No,Clear,2204,2915,5119,548
2011-07-03,Summer,2011,Jul,No,Sun,No,Clear,2282,2367,4649,547
2011-07-04,Summer,2011,Jul,Yes,Mon,No,Clear,3065,2978,6043,546
2011-07-05,Summer,2011,Jul,No,Tue,Yes,Mist,1031,3634,4665,545
2011-07-06,Summer,2011,Jul,No,Wed,Yes,Clear,784,3845,4629,544
2011-07-07,Summer,2011,Jul,No,Thu,Yes,Clear,754,3838,4592,543
2011-07-08,Summer,2011,Jul,No,Fri,Yes,Clear,692,3348,4040,542
2011-07-09,Summer,2011,Jul,No,Sat,No,Mist,1988,3348,5336,541
2011-07-10,Summer,2011,Jul,No,Sun,No,Clear,1743,3138,4881,540
2011-07-11,Summer,2011,Jul,No,Mon,Yes,Clear,723,3363,4086,539
2011-07-12,Summer,2011,Jul,No,Tue,Yes,Clear,662,3596,4258,538
2011-07-13,Summer,2011,Jul,No,Wed,Yes,Clear,748,3594,4342,537
2011-07-14,Summer,2011,Jul,No,Thu,Yes,Clear,888,4196,5084,536
2011-07-15,Summer,2011,Jul,No,Fri,Yes,Clear,1318,4220,5538,535
2011-07-16,Summer,2011,Jul,No,Sat,No,Clear,2418,3505,5923,534
2011-07-17,Summer,2011,Jul,No,Sun,No,Clear,2006,3296,5302,533
2011-07-18,Summer,2011,Jul,No,Mon,Yes,Clear,841,3617,4458,532
2011-07-19,Summer,2011,Jul,No,Tue,Yes,Clear,752,3789,4541,531
2011-07-20,Summer,2011,Jul,No,Wed,Yes,Clear,644,3688,4332,530
2011-07-21,Summer,2011,Jul,No,Thu,Yes,Mist,632,3152,3784,529
2011-07-22,Summer,2011,Jul,No,Fri,Yes,Clear,562,2825,3387,528
2011-07-23,Summer,2011,Jul,No,Sat,No,Clear,987,2298,3285,527
2011-07-24,Summer,2011,Jul,No,Sun,No,Clear,1050,2556,3606,526
2011-07-25,Summer,2011,Jul,No,Mon,Yes,Mist,568,3272,3840,525
2011-07-26,Summer,2011,Jul,No,Tue,Yes,Clear,750,3840,4590,524
2011-07-27,Summer,2011,Jul,No,Wed,Yes,Mist,755,3901,4656,523
2011-07-28,Summer,2011,Jul,No,Thu,Yes,Clear,606,3784,4390,522
2011-07-29,Summer,2011,Jul,No,Fri,Yes,Clear,670,3176,3846,521
2011-07-30,Summer,2011,Jul,No,Sat,No,Clear,1559,2916,4475,520
2011-07-31,Summer,2011,Jul,No,Sun,No,Clear,1524,2778,4302,519
2011-08-01,Summer,2011,Aug,No,Mon,Yes,Clear,729,3537,4266,518
2011-08-02,Summer,2011,Aug,No,Tue,Yes,Clear,801,4044,4845,517
2011-08-03,Summer,2011,Aug,No,Wed,Yes,Mist,467,3107,3574,516
2011-08-04,Summer,2011,Aug,No,Thu,Yes,Mist,799,3777,4576,515
2011-08-05,Summer,2011,Aug,No,Fri,Yes,Clear,1023,3843,4866,514
2011-08-06,Summer,2011,Aug,No,Sat,No,Clear,1521,2773,4294,513
2011-08-07,Summer,2011,Aug,No,Sun,No,Mist,1298,2487,3785,512
2011-08-08,Summer,2011,Aug,No,Mon,Yes,Clear,846,3480,4326,511
2011-08-09,Summer,2011,Aug,No,Tue,Yes,Clear,907,3695,4602,510
2011-08-10,Summer,2011,Aug,No,Wed,Yes,Clear,884,3896,4780,509
2011-08-11,Summer,2011,Aug,No,Thu,Yes,Clear,812,3980,4792,508
2011-08-12,Summer,2011,Aug,No,Fri,Yes,Clear,1051,3854,4905,507
2011-08-13,Summer,2011,Aug,No,Sat,No,Clear,1504,2646,4150,506
2011-08-14,Summer,2011,Aug,No,Sun,No,Light Rain,1338,2482,3820,505
2011-08-15,Summer,2011,Aug,No,Mon,Yes,Light Rain,775,3563,4338,504
2011-08-16,Summer,2011,Aug,No,Tue,Yes,Clear,721,4004,4725,503
2011-08-17,Summer,2011,Aug,No,Wed,Yes,Clear,668,4026,4694,502
2011-08-18,Summer,2011,Aug,No,Thu,Yes,Clear,639,3166,3805,501
2011-08-19,Summer,2011,Aug,No,Fri,Yes,Light Rain,797,3356,4153,500
2011-08-20,Summer,2011,Aug,No,Sat,No,Clear,1914,3277,5191,499
2011-08-21,Summer,2011,Aug,No,Sun,No,Clear,1249,2624,3873,498
2011-08-22,Summer,2011,Aug,No,Mon,Yes,Clear,833,3925,4758,497
2011-08-23,Summer,2011,Aug,No,Tue,Yes,Clear,1281,4614,5895,496
2011-08-24,Summer,2011,Aug,No,Wed,Yes,Clear,949,4181,5130,495
2011-08-25,Summer,2011,Aug,No,Thu,Yes,Clear,435,3107,3542,494
2011-08-26,Summer,2011,Aug,No,Fri,Yes,Clear,768,3893,4661,493
2011-08-27,Summer,2011,Aug,No,Sat,No,Clear,226,889,1115,492
2011-08-28,Summer,2011,Aug,No,Sun,No,Light Rain,1415,2919,4334,491
2011-08-29,Summer,2011,Aug,No,Mon,Yes,Clear,729,3905,4634,490
2011-08-30,Summer,2011,Aug,No,Tue,Yes,Clear,775,4429,5204,489
2011-08-31,Summer,2011,Aug,No,Wed,Yes,Clear,688,4370,5058,488
2011-09-01,Summer,2011,Sep,No,Thu,Yes,Clear,783,4332,5115,487
2011-09-02,Summer,2011,Sep,No,Fri,Yes,Clear,875,3852,4727,486
2011-09-03,Summer,2011,Sep,No,Sat,No,Mist,1935,2549,4484,485
2011-09-04,Summer,2011,Sep,No,Sun,No,Clear,2521,2419,4940,484
2011-09-05,Summer,2011,Sep,Yes,Mon,No,Mist,1236,2115,3351,483
2011-09-06,Summer,2011,Sep,No,Tue,Yes,Light Rain,204,2506,2710,482
2011-09-07,Summer,2011,Sep,No,Wed,Yes,Mist,118,1878,1996,481
2011-09-08,Summer,2011,Sep,No,Thu,Yes,Light Rain,153,1689,1842,480
2011-09-09,Summer,2011,Sep,No,Fri,Yes,Light Rain,417,3127,3544,479
2011-09-10,Summer,2011,Sep,No,Sat,No,Clear,1750,3595,5345,478
2011-09-11,Summer,2011,Sep,No,Sun,No,Clear,1633,3413,5046,477
2011-09-12,Summer,2011,Sep,No,Mon,Yes,Clear,690,4023,4713,476
2011-09-13,Summer,2011,Sep,No,Tue,Yes,Clear,701,4062,4763,475
2011-09-14,Summer,2011,Sep,No,Wed,Yes,Clear,647,4138,4785,474
2011-09-15,Summer,2011,Sep,No,Thu,Yes,Clear,428,3231,3659,473
2011-09-16,Summer,2011,Sep,No,Fri,Yes,Clear,742,4018,4760,472
2011-09-17,Summer,2011,Sep,No,Sat,No,Clear,1434,3077,4511,471
2011-09-18,Summer,2011,Sep,No,Sun,No,Clear,1353,2921,4274,470
2011-09-19,Summer,2011,Sep,No,Mon,Yes,Mist,691,3848,4539,469
2011-09-20,Summer,2011,Sep,No,Tue,Yes,Mist,438,3203,3641,468
2011-09-21,Summer,2011,Sep,No,Wed,Yes,Clear,539,3813,4352,467
2011-09-22,Summer,2011,Sep,No,Thu,Yes,Clear,555,4240,4795,466
2011-09-23,Fall,2011,Sep,No,Fri,Yes,Mist,258,2137,2395,465
2011-09-24,Fall,2011,Sep,No,Sat,No,Clear,1776,3647,5423,464
2011-09-25,Fall,2011,Sep,No,Sun,No,Mist,1544,3466,5010,463
2011-09-26,Fall,2011,Sep,No,Mon,Yes,Mist,684,3946,4630,462
2011-09-27,Fall,2011,Sep,No,Tue,Yes,Clear,477,3643,4120,461
2011-09-28,Fall,2011,Sep,No,Wed,Yes,Clear,480,3427,3907,460
2011-09-29,Fall,2011,Sep,No,Thu,Yes,Clear,653,4186,4839,459
2011-09-30,Fall,2011,Sep,No,Fri,Yes,Clear,830,4372,5202,458
2011-10-01,Fall,2011,Oct,No,Sat,No,Clear,480,1949,2429,457
2011-10-02,Fall,2011,Oct,No,Sun,No,Light Rain,616,2302,2918,456
2011-10-03,Fall,2011,Oct,No,Mon,Yes,Clear,330,3240,3570,455
2011-10-04,Fall,2011,Oct,No,Tue,Yes,Mist,486,3970,4456,454
2011-10-05,Fall,2011,Oct,No,Wed,Yes,Clear,559,4267,4826,453
2011-10-06,Fall,2011,Oct,No,Thu,Yes,Clear,639,4126,4765,452
2011-10-07,Fall,2011,Oct,No,Fri,Yes,Clear,949,4036,4985,451
2011-10-08,Fall,2011,Oct,No,Sat,No,Clear,2235,3174,5409,450
2011-10-09,Fall,2011,Oct,No,Sun,No,Clear,2397,3114,5511,449
2011-10-10,Fall,2011,Oct,Yes,Mon,No,Clear,1514,3603,5117,448
2011-10-11,Fall,2011,Oct,No,Tue,Yes,Mist,667,3896,4563,447
2011-10-12,Fall,2011,Oct,No,Wed,Yes,Mist,217,2199,2416,446
2011-10-13,Fall,2011,Oct,No,Thu,Yes,Mist,290,2623,2913,445
2011-10-14,Fall,2011,Oct,No,Fri,Yes,Clear,529,3115,3644,444
2011-10-15,Fall,2011,Oct,No,Sat,No,Clear,1899,3318,5217,443
2011-10-16,Fall,2011,Oct,No,Sun,No,Clear,1748,3293,5041,442
2011-10-17,Fall,2011,Oct,No,Mon,Yes,Clear,713,3857,4570,441
2011-10-18,Fall,2011,Oct,No,Tue,Yes,Clear,637,4111,4748,440
2011-10-19,Fall,2011,Oct,No,Wed,Yes,Mist,254,2170,2424,439
2011-10-20,Fall,2011,Oct,No,Thu,Yes,Clear,471,3724,4195,438
2011-10-21,Fall,2011,Oct,No,Fri,Yes,Clear,676,3628,4304,437
2011-10-22,Fall,2011,Oct,No,Sat,No,Clear,1499,2809,4308,436
2011-10-23,Fall,2011,Oct,No,Sun,No,Clear,1619,2762,4381,435
2011-10-24,Fall,2011,Oct,No,Mon,Yes,Clear,699,3488,4187,434
2011-10-25,Fall,2011,Oct,No,Tue,Yes,Clear,695,3992,4687,433
2011-10-26,Fall,2011,Oct,No,Wed,Yes,Clear,404,3490,3894,432
2011-10-27,Fall,2011,Oct,No,Thu,Yes,Clear,240,2419,2659,431
2011-10-28,Fall,2011,Oct,No,Fri,Yes,Clear,456,3291,3747,430
2011-10-29,Fall,2011,Oct,No,Sat,No,Light Rain,57,570,627,429
2011-10-30,Fall,2011,Oct,No,Sun,No,Clear,885,2446,3331,428
2011-10-31,Fall,2011,Oct,No,Mon,Yes,Clear,362,3307,3669,427
2011-11-01,Fall,2011,Nov,No,Tue,Yes,Mist,410,3658,4068,426
2011-11-02,Fall,2011,Nov,No,Wed,Yes,Clear,370,3816,4186,425
2011-11-03,Fall,2011,Nov,No,Thu,Yes,Clear,318,3656,3974,424
2011-11-04,Fall,2011,Nov,No,Fri,Yes,Mist,470,3576,4046,423
2011-11-05,Fall,2011,Nov,No,Sat,No,Clear,1156,2770,3926,422
2011-11-06,Fall,2011,Nov,No,Sun,No,Clear,952,2697,3649,421
2011-11-07,Fall,2011,Nov,No,Mon,Yes,Clear,373,3662,4035,420
2011-11-08,Fall,2011,Nov,No,Tue,Yes,Clear,376,3829,4205,419
2011-11-09,Fall,2011,Nov,No,Wed,Yes,Clear,305,3804,4109,418
2011-11-10,Fall,2011,Nov,No,Thu,Yes,Clear,190,2743,2933,417
2011-11-11,Fall,2011,Nov,Yes,Fri,No,Clear,440,2928,3368,416
2011-11-12,Fall,2011,Nov,No,Sat,No,Clear,1275,2792,4067,415
2011-11-13,Fall,2011,Nov,No,Sun,No,Mist,1004,2713,3717,414
2011-11-14,Fall,2011,Nov,No,Mon,Yes,Clear,595,3891,4486,413
2011-11-15,Fall,2011,Nov,No,Tue,Yes,Clear,449,3746,4195,412
2011-11-16,Fall,2011,Nov,No,Wed,Yes,Mist,145,1672,1817,411
2011-11-17,Fall,2011,Nov,No,Thu,Yes,Mist,139,2914,3053,410
2011-11-18,Fall,2011,Nov,No,Fri,Yes,Clear,245,3147,3392,409
2011-11-19,Fall,2011,Nov,No,Sat,No,Clear,943,2720,3663,408
2011-11-20,Fall,2011,Nov,No,Sun,No,Clear,787,2733,3520,407
2011-11-21,Fall,2011,Nov,No,Mon,Yes,Mist,220,2545,2765,406
2011-11-22,Fall,2011,Nov,No,Tue,Yes,Light Rain,69,1538,1607,405
2011-11-23,Fall,2011,Nov,No,Wed,Yes,Mist,112,2454,2566,404
2011-11-24,Fall,2011,Nov,Yes,Thu,No,Clear,560,935,1495,403
2011-11-25,Fall,2011,Nov,No,Fri,Yes,Clear,1095,1697,2792,402
2011-11-26,Fall,2011,Nov,No,Sat,No,Clear,1249,1819,3068,401
2011-11-27,Fall,2011,Nov,No,Sun,No,Clear,810,2261,3071,400
2011-11-28,Fall,2011,Nov,No,Mon,Yes,Clear,253,3614,3867,399
2011-11-29,Fall,2011,Nov,No,Tue,Yes,Clear,96,2818,2914,398
2011-11-30,Fall,2011,Nov,No,Wed,Yes,Clear,188,3425,3613,397
2011-12-01,Fall,2011,Dec,No,Thu,Yes,Clear,182,3545,3727,396
2011-12-02,Fall,2011,Dec,No,Fri,Yes,Clear,268,3672,3940,395
2011-12-03,Fall,2011,Dec,No,Sat,No,Clear,706,2908,3614,394
2011-12-04,Fall,2011,Dec,No,Sun,No,Clear,634,2851,3485,393
2011-12-05,Fall,2011,Dec,No,Mon,Yes,Clear,233,3578,3811,392
2011-12-06,Fall,2011,Dec,No,Tue,Yes,Mist,126,2468,2594,391
2011-12-07,Fall,2011,Dec,No,Wed,Yes,Clear,50,655,705,390
2011-12-08,Fall,2011,Dec,No,Thu,Yes,Mist,150,3172,3322,389
2011-12-09,Fall,2011,Dec,No,Fri,Yes,Clear,261,3359,3620,388
2011-12-10,Fall,2011,Dec,No,Sat,No,Mist,502,2688,3190,387
2011-12-11,Fall,2011,Dec,No,Sun,No,Clear,377,2366,2743,386
2011-12-12,Fall,2011,Dec,No,Mon,Yes,Clear,143,3167,3310,385
2011-12-13,Fall,2011,Dec,No,Tue,Yes,Clear,155,3368,3523,384
2011-12-14,Fall,2011,Dec,No,Wed,Yes,Clear,178,3562,3740,383
2011-12-15,Fall,2011,Dec,No,Thu,Yes,Clear,181,3528,3709,382
2011-12-16,Fall,2011,Dec,No,Fri,Yes,Clear,178,3399,3577,381
2011-12-17,Fall,2011,Dec,No,Sat,No,Clear,275,2464,2739,380
2011-12-18,Fall,2011,Dec,No,Sun,No,Clear,220,2211,2431,379
2011-12-19,Fall,2011,Dec,No,Mon,Yes,Clear,260,3143,3403,378
2011-12-20,Fall,2011,Dec,No,Tue,Yes,Clear,216,3534,3750,377
2011-12-21,Winter,2011,Dec,No,Wed,Yes,Mist,107,2553,2660,376
2011-12-22,Winter,2011,Dec,No,Thu,Yes,Mist,227,2841,3068,375
2011-12-23,Winter,2011,Dec,No,Fri,Yes,Light Rain,163,2046,2209,374
2011-12-24,Winter,2011,Dec,No,Sat,No,Mist,155,856,1011,373
2011-12-25,Winter,2011,Dec,No,Sun,No,Clear,303,451,754,372
2011-12-26,Winter,2011,Dec,Yes,Mon,No,Clear,430,887,1317,371
2011-12-27,Winter,2011,Dec,No,Tue,Yes,Clear,103,1059,1162,370
2011-12-28,Winter,2011,Dec,No,Wed,Yes,Clear,255,2047,2302,369
2011-12-29,Winter,2011,Dec,No,Thu,Yes,Mist,254,2169,2423,368
2011-12-30,Winter,2011,Dec,No,Fri,Yes,Clear,491,2508,2999,367
2011-12-31,Winter,2011,Dec,No,Sat,No,Mist,665,1820,2485,366
2012-01-01,Winter,2012,Jan,No,Sun,No,Clear,686,1608,2294,365
2012-01-02,Winter,2012,Jan,Yes,Mon,No,Clear,244,1707,1951,364
2012-01-03,Winter,2012,Jan,No,Tue,Yes,Clear,89,2147,2236,363
2012-01-04,Winter,2012,Jan,No,Wed,Yes,Clear,95,2273,2368,362
2012-01-05,Winter,2012,Jan,No,Thu,Yes,Mist,140,3132,3272,361
2012-01-06,Winter,2012,Jan,No,Fri,Yes,Clear,307,3791,4098,360
2012-01-07,Winter,2012,Jan,No,Sat,No,Clear,1070,3451,4521,359
2012-01-08,Winter,2012,Jan,No,Sun,No,Clear,599,2826,3425,358
2012-01-09,Winter,2012,Jan,No,Mon,Yes,Clear,106,2270,2376,357
2012-01-10,Winter,2012,Jan,No,Tue,Yes,Mist,173,3425,3598,356
2012-01-11,Winter,2012,Jan,No,Wed,Yes,Clear,92,2085,2177,355
2012-01-12,Winter,2012,Jan,No,Thu,Yes,Light Rain,269,3828,4097,354
2012-01-13,Winter,2012,Jan,No,Fri,Yes,Mist,174,3040,3214,353
2012-01-14,Winter,2012,Jan,No,Sat,No,Clear,333,2160,2493,352
2012-01-15,Winter,2012,Jan,No,Sun,No,Clear,284,2027,2311,351
2012-01-16,Winter,2012,Jan,Yes,Mon,No,Clear,217,2081,2298,350
2012-01-17,Winter,2012,Jan,No,Tue,Yes,Mist,127,2808,2935,349
2012-01-18,Winter,2012,Jan,No,Wed,Yes,Mist,109,3267,3376,348
2012-01-19,Winter,2012,Jan,No,Thu,Yes,Clear,130,3162,3292,347
2012-01-20,Winter,2012,Jan,No,Fri,Yes,Mist,115,3048,3163,346
2012-01-21,Winter,2012,Jan,No,Sat,No,Light Rain,67,1234,1301,345
2012-01-22,Winter,2012,Jan,No,Sun,No,Clear,196,1781,1977,344
2012-01-23,Winter,2012,Jan,No,Mon,Yes,Mist,145,2287,2432,343
2012-01-24,Winter,2012,Jan,No,Tue,Yes,Mist,439,3900,4339,342
2012-01-25,Winter,2012,Jan,No,Wed,Yes,Clear,467,3803,4270,341
2012-01-26,Winter,2012,Jan,No,Thu,Yes,Mist,244,3831,4075,340
2012-01-27,Winter,2012,Jan,No,Fri,Yes,Mist,269,3187,3456,339
2012-01-28,Winter,2012,Jan,No,Sat,No,Clear,775,3248,4023,338
2012-01-29,Winter,2012,Jan,No,Sun,No,Clear,558,2685,3243,337
2012-01-30,Winter,2012,Jan,No,Mon,Yes,Mist,126,3498,3624,336
2012-01-31,Winter,2012,Jan,No,Tue,Yes,Clear,324,4185,4509,335
2012-02-01,Winter,2012,Feb,No,Wed,Yes,Clear,304,4275,4579,334
2012-02-02,Winter,2012,Feb,No,Thu,Yes,Clear,190,3571,3761,333
2012-02-03,Winter,2012,Feb,No,Fri,Yes,Clear,310,3841,4151,332
2012-02-04,Winter,2012,Feb,No,Sat,No,Clear,384,2448,2832,331
2012-02-05,Winter,2012,Feb,No,Sun,No,Mist,318,2629,2947,330
2012-02-06,Winter,2012,Feb,No,Mon,Yes,Clear,206,3578,3784,329
2012-02-07,Winter,2012,Feb,No,Tue,Yes,Clear,199,4176,4375,328
2012-02-08,Winter,2012,Feb,No,Wed,Yes,Clear,109,2693,2802,327
2012-02-09,Winter,2012,Feb,No,Thu,Yes,Mist,163,3667,3830,326
2012-02-10,Winter,2012,Feb,No,Fri,Yes,Mist,227,3604,3831,325
2012-02-11,Winter,2012,Feb,No,Sat,No,Mist,192,1977,2169,324
2012-02-12,Winter,2012,Feb,No,Sun,No,Light Rain,73,1456,1529,323
2012-02-13,Winter,2012,Feb,No,Mon,Yes,Clear,94,3328,3422,322
2012-02-14,Winter,2012,Feb,No,Tue,Yes,Mist,135,3787,3922,321
2012-02-15,Winter,2012,Feb,No,Wed,Yes,Clear,141,4028,4169,320
2012-02-16,Winter,2012,Feb,No,Thu,Yes,Mist,74,2931,3005,319
2012-02-17,Winter,2012,Feb,No,Fri,Yes,Mist,349,3805,4154,318
2012-02-18,Winter,2012,Feb,No,Sat,No,Clear,1435,2883,4318,317
2012-02-19,Winter,2012,Feb,No,Sun,No,Mist,618,2071,2689,316
2012-02-20,Winter,2012,Feb,Yes,Mon,No,Mist,502,2627,3129,315
2012-02-21,Winter,2012,Feb,No,Tue,Yes,Clear,163,3614,3777,314
2012-02-22,Winter,2012,Feb,No,Wed,Yes,Clear,394,4379,4773,313
2012-02-23,Winter,2012,Feb,No,Thu,Yes,Mist,516,4546,5062,312
2012-02-24,Winter,2012,Feb,No,Fri,Yes,Mist,246,3241,3487,311
2012-02-25,Winter,2012,Feb,No,Sat,No,Clear,317,2415,2732,310
2012-02-26,Winter,2012,Feb,No,Sun,No,Clear,515,2874,3389,309
2012-02-27,Winter,2012,Feb,No,Mon,Yes,Clear,253,4069,4322,308
2012-02-28,Winter,2012,Feb,No,Tue,Yes,Clear,229,4134,4363,307
2012-02-29,Winter,2012,Feb,No,Wed,Yes,Clear,65,1769,1834,306
2012-03-01,Winter,2012,Mar,No,Thu,Yes,Mist,325,4665,4990,305
2012-03-02,Winter,2012,Mar,No,Fri,Yes,Clear,246,2948,3194,304
2012-03-03,Winter,2012,Mar,No,Sat,No,Light Rain,956,3110,4066,303
2012-03-04,Winter,2012,Mar,No,Sun,No,Mist,710,2713,3423,302
2012-03-05,Winter,2012,Mar,No,Mon,Yes,Clear,203,3130,3333,301
2012-03-06,Winter,2012,Mar,No,Tue,Yes,Clear,221,3735,3956,300
2012-03-07,Winter,2012,Mar,No,Wed,Yes,Clear,432,4484,4916,299
2012-03-08,Winter,2012,Mar,No,Thu,Yes,Clear,486,4896,5382,298
2012-03-09,Winter,2012,Mar,No,Fri,Yes,Mist,447,4122,4569,297
2012-03-10,Winter,2012,Mar,No,Sat,No,Clear,968,3150,4118,296
2012-03-11,Winter,2012,Mar,No,Sun,No,Clear,1658,3253,4911,295
2012-03-12,Winter,2012,Mar,No,Mon,Yes,Clear,838,4460,5298,294
2012-03-13,Winter,2012,Mar,No,Tue,Yes,Mist,762,5085,5847,293
2012-03-14,Winter,2012,Mar,No,Wed,Yes,Clear,997,5315,6312,292
2012-03-15,Winter,2012,Mar,No,Thu,Yes,Clear,1005,5187,6192,291
2012-03-16,Winter,2012,Mar,No,Fri,Yes,Clear,548,3830,4378,290
2012-03-17,Winter,2012,Mar,No,Sat,No,Mist,3155,4681,7836,289
2012-03-18,Winter,2012,Mar,No,Sun,No,Clear,2207,3685,5892,288
2012-03-19,Winter,2012,Mar,No,Mon,Yes,Clear,982,5171,6153,287
2012-03-20,Winter,2012,Mar,No,Tue,Yes,Mist,1051,5042,6093,286
2012-03-21,Spring,2012,Mar,No,Wed,Yes,Clear,1122,5108,6230,285
2012-03-22,Spring,2012,Mar,No,Thu,Yes,Clear,1334,5537,6871,284
2012-03-23,Spring,2012,Mar,No,Fri,Yes,Clear,2469,5893,8362,283
2012-03-24,Spring,2012,Mar,No,Sat,No,Clear,1033,2339,3372,282
2012-03-25,Spring,2012,Mar,No,Sun,No,Mist,1532,3464,4996,281
2012-03-26,Spring,2012,Mar,No,Mon,Yes,Mist,795,4763,5558,280
2012-03-27,Spring,2012,Mar,No,Tue,Yes,Clear,531,4571,5102,279
2012-03-28,Spring,2012,Mar,No,Wed,Yes,Clear,674,5024,5698,278
2012-03-29,Spring,2012,Mar,No,Thu,Yes,Clear,834,5299,6133,277
2012-03-30,Spring,2012,Mar,No,Fri,Yes,Clear,796,4663,5459,276
2012-03-31,Spring,2012,Mar,No,Sat,No,Clear,2301,3934,6235,275
2012-04-01,Spring,2012,Apr,No,Sun,No,Mist,2347,3694,6041,274
2012-04-02,Spring,2012,Apr,No,Mon,Yes,Light Rain,1208,4728,5936,273
2012-04-03,Spring,2012,Apr,No,Tue,Yes,Clear,1348,5424,6772,272
2012-04-04,Spring,2012,Apr,No,Wed,Yes,Clear,1058,5378,6436,271
2012-04-05,Spring,2012,Apr,No,Thu,Yes,Clear,1192,5265,6457,270
2012-04-06,Spring,2012,Apr,No,Fri,Yes,Clear,1807,4653,6460,269
2012-04-07,Spring,2012,Apr,No,Sat,No,Clear,3252,3605,6857,268
2012-04-08,Spring,2012,Apr,No,Sun,No,Clear,2230,2939,5169,267
2012-04-09,Spring,2012,Apr,No,Mon,Yes,Clear,905,4680,5585,266
2012-04-10,Spring,2012,Apr,No,Tue,Yes,Mist,819,5099,5918,265
2012-04-11,Spring,2012,Apr,No,Wed,Yes,Clear,482,4380,4862,264
2012-04-12,Spring,2012,Apr,No,Thu,Yes,Clear,663,4746,5409,263
2012-04-13,Spring,2012,Apr,No,Fri,Yes,Clear,1252,5146,6398,262
2012-04-14,Spring,2012,Apr,No,Sat,No,Clear,2795,4665,7460,261
2012-04-15,Spring,2012,Apr,No,Sun,No,Mist,2846,4286,7132,260
2012-04-16,Spring,2012,Apr,Yes,Mon,No,Clear,1198,5172,6370,259
2012-04-17,Spring,2012,Apr,No,Tue,Yes,Clear,989,5702,6691,258
2012-04-18,Spring,2012,Apr,No,Wed,Yes,Clear,347,4020,4367,257
2012-04-19,Spring,2012,Apr,No,Thu,Yes,Light Rain,846,5719,6565,256
2012-04-20,Spring,2012,Apr,No,Fri,Yes,Clear,1340,5950,7290,255
2012-04-21,Spring,2012,Apr,No,Sat,No,Clear,2541,4083,6624,254
2012-04-22,Spring,2012,Apr,No,Sun,No,Mist,120,907,1027,253
2012-04-23,Spring,2012,Apr,No,Mon,Yes,Light Rain,195,3019,3214,252
2012-04-24,Spring,2012,Apr,No,Tue,Yes,Mist,518,5115,5633,251
2012-04-25,Spring,2012,Apr,No,Wed,Yes,Clear,655,5541,6196,250
2012-04-26,Spring,2012,Apr,No,Thu,Yes,Mist,475,4551,5026,249
2012-04-27,Spring,2012,Apr,No,Fri,Yes,Clear,1014,5219,6233,248
2012-04-28,Spring,2012,Apr,No,Sat,No,Clear,1120,3100,4220,247
2012-04-29,Spring,2012,Apr,No,Sun,No,Light Rain,2229,4075,6304,246
2012-04-30,Spring,2012,Apr,No,Mon,Yes,Clear,665,4907,5572,245
2012-05-01,Spring,2012,May,No,Tue,Yes,Mist,653,5087,5740,244
2012-05-02,Spring,2012,May,No,Wed,Yes,Clear,667,5502,6169,243
2012-05-03,Spring,2012,May,No,Thu,Yes,Mist,764,5657,6421,242
2012-05-04,Spring,2012,May,No,Fri,Yes,Clear,1069,5227,6296,241
2012-05-05,Spring,2012,May,No,Sat,No,Clear,2496,4387,6883,240
2012-05-06,Spring,2012,May,No,Sun,No,Mist,2135,4224,6359,239
2012-05-07,Spring,2012,May,No,Mon,Yes,Mist,1008,5265,6273,238
2012-05-08,Spring,2012,May,No,Tue,Yes,Mist,738,4990,5728,237
2012-05-09,Spring,2012,May,No,Wed,Yes,Mist,620,4097,4717,236
2012-05-10,Spring,2012,May,No,Thu,Yes,Light Rain,1026,5546,6572,235
2012-05-11,Spring,2012,May,No,Fri,Yes,Clear,1319,5711,7030,234
2012-05-12,Spring,2012,May,No,Sat,No,Clear,2622,4807,7429,233
2012-05-13,Spring,2012,May,No,Sun,No,Clear,2172,3946,6118,232
2012-05-14,Spring,2012,May,No,Mon,Yes,Mist,342,2501,2843,231
2012-05-15,Spring,2012,May,No,Tue,Yes,Mist,625,4490,5115,230
2012-05-16,Spring,2012,May,No,Wed,Yes,Mist,991,6433,7424,229
2012-05-17,Spring,2012,May,No,Thu,Yes,Clear,1242,6142,7384,228
2012-05-18,Spring,2012,May,No,Fri,Yes,Clear,1521,6118,7639,227
2012-05-19,Spring,2012,May,No,Sat,No,Clear,3410,4884,8294,226
2012-05-20,Spring,2012,May,No,Sun,No,Clear,2704,4425,7129,225
2012-05-21,Spring,2012,May,No,Mon,Yes,Light Rain,630,3729,4359,224
2012-05-22,Spring,2012,May,No,Tue,Yes,Clear,819,5254,6073,223
2012-05-23,Spring,2012,May,No,Wed,Yes,Clear,766,4494,5260,222
2012-05-24,Spring,2012,May,No,Thu,Yes,Clear,1059,5711,6770,221
2012-05-25,Spring,2012,May,No,Fri,Yes,Clear,1417,5317,6734,220
2012-05-26,Spring,2012,May,No,Sat,No,Clear,2855,3681,6536,219
2012-05-27,Spring,2012,May,No,Sun,No,Mist,3283,3308,6591,218
2012-05-28,Spring,2012,May,Yes,Mon,No,Clear,2557,3486,6043,217
2012-05-29,Spring,2012,May,No,Tue,Yes,Clear,880,4863,5743,216
2012-05-30,Spring,2012,May,No,Wed,Yes,Light Rain,745,6110,6855,215
2012-05-31,Spring,2012,May,No,Thu,Yes,Clear,1100,6238,7338,214
2012-06-01,Spring,2012,Jun,No,Fri,Yes,Clear,533,3594,4127,213
2012-06-02,Spring,2012,Jun,No,Sat,No,Mist,2795,5325,8120,212
2012-06-03,Spring,2012,Jun,No,Sun,No,Clear,2494,5147,7641,211
2012-06-04,Spring,2012,Jun,No,Mon,Yes,Clear,1071,5927,6998,210
2012-06-05,Spring,2012,Jun,No,Tue,Yes,Clear,968,6033,7001,209
2012-06-06,Spring,2012,Jun,No,Wed,Yes,Clear,1027,6028,7055,208
2012-06-07,Spring,2012,Jun,No,Thu,Yes,Clear,1038,6456,7494,207
2012-06-08,Spring,2012,Jun,No,Fri,Yes,Clear,1488,6248,7736,206
2012-06-09,Spring,2012,Jun,No,Sat,No,Clear,2708,4790,7498,205
2012-06-10,Spring,2012,Jun,No,Sun,No,Clear,2224,4374,6598,204
2012-06-11,Spring,2012,Jun,No,Mon,Yes,Clear,1017,5647,6664,203
2012-06-12,Spring,2012,Jun,No,Tue,Yes,Mist,477,4495,4972,202
2012-06-13,Spring,2012,Jun,No,Wed,Yes,Mist,1173,6248,7421,201
2012-06-14,Spring,2012,Jun,No,Thu,Yes,Clear,1180,6183,7363,200
2012-06-15,Spring,2012,Jun,No,Fri,Yes,Clear,1563,6102,7665,199
2012-06-16,Spring,2012,Jun,No,Sat,No,Clear,2963,4739,7702,198
2012-06-17,Spring,2012,Jun,No,Sun,No,Clear,2634,4344,6978,197
2012-06-18,Spring,2012,Jun,No,Mon,Yes,Clear,653,4446,5099,196
2012-06-19,Spring,2012,Jun,No,Tue,Yes,Mist,968,5857,6825,195
2012-06-20,Spring,2012,Jun,No,Wed,Yes,Clear,872,5339,6211,194
2012-06-21,Summer,2012,Jun,No,Thu,Yes,Clear,778,5127,5905,193
2012-06-22,Summer,2012,Jun,No,Fri,Yes,Mist,964,4859,5823,192
2012-06-23,Summer,2012,Jun,No,Sat,No,Clear,2657,4801,7458,191
2012-06-24,Summer,2012,Jun,No,Sun,No,Clear,2551,4340,6891,190
2012-06-25,Summer,2012,Jun,No,Mon,Yes,Clear,1139,5640,6779,189
2012-06-26,Summer,2012,Jun,No,Tue,Yes,Clear,1077,6365,7442,188
2012-06-27,Summer,2012,Jun,No,Wed,Yes,Clear,1077,6258,7335,187
2012-06-28,Summer,2012,Jun,No,Thu,Yes,Clear,921,5958,6879,186
2012-06-29,Summer,2012,Jun,No,Fri,Yes,Clear,829,4634,5463,185
2012-06-30,Summer,2012,Jun,No,Sat,No,Light Rain,1455,4232,5687,184
2012-07-01,Summer,2012,Jul,No,Sun,No,Clear,1421,4110,5531,183
2012-07-02,Summer,2012,Jul,No,Mon,Yes,Mist,904,5323,6227,182
2012-07-03,Summer,2012,Jul,No,Tue,Yes,Clear,1052,5608,6660,181
2012-07-04,Summer,2012,Jul,Yes,Wed,No,Clear,2562,4841,7403,180
2012-07-05,Summer,2012,Jul,No,Thu,Yes,Clear,1405,4836,6241,179
2012-07-06,Summer,2012,Jul,No,Fri,Yes,Clear,1366,4841,6207,178
2012-07-07,Summer,2012,Jul,No,Sat,No,Clear,1448,3392,4840,177
2012-07-08,Summer,2012,Jul,No,Sun,No,Clear,1203,3469,4672,176
2012-07-09,Summer,2012,Jul,No,Mon,Yes,Mist,998,5571,6569,175
2012-07-10,Summer,2012,Jul,No,Tue,Yes,Clear,954,5336,6290,174
2012-07-11,Summer,2012,Jul,No,Wed,Yes,Mist,975,6289,7264,173
2012-07-12,Summer,2012,Jul,No,Thu,Yes,Mist,1032,6414,7446,172
2012-07-13,Summer,2012,Jul,No,Fri,Yes,Mist,1511,5988,7499,171
2012-07-14,Summer,2012,Jul,No,Sat,No,Mist,2355,4614,6969,170
2012-07-15,Summer,2012,Jul,No,Sun,No,Clear,1920,4111,6031,169
2012-07-16,Summer,2012,Jul,No,Mon,Yes,Light Rain,1088,5742,6830,168
2012-07-17,Summer,2012,Jul,No,Tue,Yes,Clear,921,5865,6786,167
2012-07-18,Summer,2012,Jul,No,Wed,Yes,Clear,799,4914,5713,166
2012-07-19,Summer,2012,Jul,No,Thu,Yes,Clear,888,5703,6591,165
2012-07-20,Summer,2012,Jul,No,Fri,Yes,Light Rain,747,5123,5870,164
2012-07-21,Summer,2012,Jul,No,Sat,No,Light Rain,1264,3195,4459,163
2012-07-22,Summer,2012,Jul,No,Sun,No,Mist,2544,4866,7410,162
2012-07-23,Summer,2012,Jul,No,Mon,Yes,Clear,1135,5831,6966,161
2012-07-24,Summer,2012,Jul,No,Tue,Yes,Clear,1140,6452,7592,160
2012-07-25,Summer,2012,Jul,No,Wed,Yes,Clear,1383,6790,8173,159
2012-07-26,Summer,2012,Jul,No,Thu,Yes,Clear,1036,5825,6861,158
2012-07-27,Summer,2012,Jul,No,Fri,Yes,Clear,1259,5645,6904,157
2012-07-28,Summer,2012,Jul,No,Sat,No,Clear,2234,4451,6685,156
2012-07-29,Summer,2012,Jul,No,Sun,No,Clear,2153,4444,6597,155
2012-07-30,Summer,2012,Jul,No,Mon,Yes,Clear,1040,6065,7105,154
2012-07-31,Summer,2012,Jul,No,Tue,Yes,Clear,968,6248,7216,153
2012-08-01,Summer,2012,Aug,No,Wed,Yes,Clear,1074,6506,7580,152
2012-08-02,Summer,2012,Aug,No,Thu,Yes,Clear,983,6278,7261,151
2012-08-03,Summer,2012,Aug,No,Fri,Yes,Clear,1328,5847,7175,150
2012-08-04,Summer,2012,Aug,No,Sat,No,Clear,2345,4479,6824,149
2012-08-05,Summer,2012,Aug,No,Sun,No,Clear,1707,3757,5464,148
2012-08-06,Summer,2012,Aug,No,Mon,Yes,Mist,1233,5780,7013,147
2012-08-07,Summer,2012,Aug,No,Tue,Yes,Clear,1278,5995,7273,146
2012-08-08,Summer,2012,Aug,No,Wed,Yes,Clear,1263,6271,7534,145
2012-08-09,Summer,2012,Aug,No,Thu,Yes,Clear,1196,6090,7286,144
2012-08-10,Summer,2012,Aug,No,Fri,Yes,Clear,1065,4721,5786,143
2012-08-11,Summer,2012,Aug,No,Sat,No,Clear,2247,4052,6299,142
2012-08-12,Summer,2012,Aug,No,Sun,No,Mist,2182,4362,6544,141
2012-08-13,Summer,2012,Aug,No,Mon,Yes,Clear,1207,5676,6883,140
2012-08-14,Summer,2012,Aug,No,Tue,Yes,Clear,1128,5656,6784,139
2012-08-15,Summer,2012,Aug,No,Wed,Yes,Clear,1198,6149,7347,138
2012-08-16,Summer,2012,Aug,No,Thu,Yes,Clear,1338,6267,7605,137
2012-08-17,Summer,2012,Aug,No,Fri,Yes,Clear,1483,5665,7148,136
2012-08-18,Summer,2012,Aug,No,Sat,No,Mist,2827,5038,7865,135
2012-08-19,Summer,2012,Aug,No,Sun,No,Clear,1208,3341,4549,134
2012-08-20,Summer,2012,Aug,No,Mon,Yes,Mist,1026,5504,6530,133
2012-08-21,Summer,2012,Aug,No,Tue,Yes,Mist,1081,5925,7006,132
2012-08-22,Summer,2012,Aug,No,Wed,Yes,Clear,1094,6281,7375,131
2012-08-23,Summer,2012,Aug,No,Thu,Yes,Clear,1363,6402,7765,130
2012-08-24,Summer,2012,Aug,No,Fri,Yes,Mist,1325,6257,7582,129
2012-08-25,Summer,2012,Aug,No,Sat,No,Mist,1829,4224,6053,128
2012-08-26,Summer,2012,Aug,No,Sun,No,Clear,1483,3772,5255,127
2012-08-27,Summer,2012,Aug,No,Mon,Yes,Clear,989,5928,6917,126
2012-08-28,Summer,2012,Aug,No,Tue,Yes,Clear,935,6105,7040,125
2012-08-29,Summer,2012,Aug,No,Wed,Yes,Clear,1177,6520,7697,124
2012-08-30,Summer,2012,Aug,No,Thu,Yes,Clear,1172,6541,7713,123
2012-08-31,Summer,2012,Aug,No,Fri,Yes,Clear,1433,5917,7350,122
2012-09-01,Summer,2012,Sep,No,Sat,No,Clear,2352,3788,6140,121
2012-09-02,Summer,2012,Sep,No,Sun,No,Mist,2613,3197,5810,120
2012-09-03,Summer,2012,Sep,Yes,Mon,No,Mist,1965,4069,6034,119
2012-09-04,Summer,2012,Sep,No,Tue,Yes,Mist,867,5997,6864,118
2012-09-05,Summer,2012,Sep,No,Wed,Yes,Clear,832,6280,7112,117
2012-09-06,Summer,2012,Sep,No,Thu,Yes,Mist,611,5592,6203,116
2012-09-07,Summer,2012,Sep,No,Fri,Yes,Clear,1045,6459,7504,115
2012-09-08,Summer,2012,Sep,No,Sat,No,Clear,1557,4419,5976,114
2012-09-09,Summer,2012,Sep,No,Sun,No,Mist,2570,5657,8227,113
2012-09-10,Summer,2012,Sep,No,Mon,Yes,Clear,1118,6407,7525,112
2012-09-11,Summer,2012,Sep,No,Tue,Yes,Clear,1070,6697,7767,111
2012-09-12,Summer,2012,Sep,No,Wed,Yes,Clear,1050,6820,7870,110
2012-09-13,Summer,2012,Sep,No,Thu,Yes,Clear,1054,6750,7804,109
2012-09-14,Summer,2012,Sep,No,Fri,Yes,Clear,1379,6630,8009,108
2012-09-15,Summer,2012,Sep,No,Sat,No,Clear,3160,5554,8714,107
2012-09-16,Summer,2012,Sep,No,Sun,No,Clear,2166,5167,7333,106
2012-09-17,Summer,2012,Sep,No,Mon,Yes,Clear,1022,5847,6869,105
2012-09-18,Summer,2012,Sep,No,Tue,Yes,Light Rain,371,3702,4073,104
2012-09-19,Summer,2012,Sep,No,Wed,Yes,Mist,788,6803,7591,103
2012-09-20,Summer,2012,Sep,No,Thu,Yes,Clear,939,6781,7720,102
2012-09-21,Summer,2012,Sep,No,Fri,Yes,Clear,1250,6917,8167,101
2012-09-22,Summer,2012,Sep,No,Sat,No,Clear,2512,5883,8395,100
2012-09-23,Fall,2012,Sep,No,Sun,No,Clear,2454,5453,7907,99
2012-09-24,Fall,2012,Sep,No,Mon,Yes,Clear,1001,6435,7436,98
2012-09-25,Fall,2012,Sep,No,Tue,Yes,Clear,845,6693,7538,97
2012-09-26,Fall,2012,Sep,No,Wed,Yes,Clear,787,6946,7733,96
2012-09-27,Fall,2012,Sep,No,Thu,Yes,Clear,751,6642,7393,95
2012-09-28,Fall,2012,Sep,No,Fri,Yes,Light Rain,1045,6370,7415,94
2012-09-29,Fall,2012,Sep,No,Sat,No,Clear,2589,5966,8555,93
2012-09-30,Fall,2012,Sep,No,Sun,No,Clear,2015,4874,6889,92
2012-10-01,Fall,2012,Oct,No,Mon,Yes,Clear,763,6015,6778,91
2012-10-02,Fall,2012,Oct,No,Tue,Yes,Mist,315,4324,4639,90
2012-10-03,Fall,2012,Oct,No,Wed,Yes,Light Rain,728,6844,7572,89
2012-10-04,Fall,2012,Oct,No,Thu,Yes,Light Rain,891,6437,7328,88
2012-10-05,Fall,2012,Oct,No,Fri,Yes,Clear,1516,6640,8156,87
2012-10-06,Fall,2012,Oct,No,Sat,No,Clear,3031,4934,7965,86
2012-10-07,Fall,2012,Oct,No,Sun,No,Clear,781,2729,3510,85
2012-10-08,Fall,2012,Oct,Yes,Mon,No,Clear,874,4604,5478,84
2012-10-09,Fall,2012,Oct,No,Tue,Yes,Mist,601,5791,6392,83
2012-10-10,Fall,2012,Oct,No,Wed,Yes,Mist,780,6911,7691,82
2012-10-11,Fall,2012,Oct,No,Thu,Yes,Clear,834,6736,7570,81
2012-10-12,Fall,2012,Oct,No,Fri,Yes,Clear,1060,6222,7282,80
2012-10-13,Fall,2012,Oct,No,Sat,No,Clear,2252,4857,7109,79
2012-10-14,Fall,2012,Oct,No,Sun,No,Clear,2080,4559,6639,78
2012-10-15,Fall,2012,Oct,No,Mon,Yes,Mist,760,5115,5875,77
2012-10-16,Fall,2012,Oct,No,Tue,Yes,Clear,922,6612,7534,76
2012-10-17,Fall,2012,Oct,No,Wed,Yes,Clear,979,6482,7461,75
2012-10-18,Fall,2012,Oct,No,Thu,Yes,Clear,1008,6501,7509,74
2012-10-19,Fall,2012,Oct,No,Fri,Yes,Mist,753,4671,5424,73
2012-10-20,Fall,2012,Oct,No,Sat,No,Clear,2806,5284,8090,72
2012-10-21,Fall,2012,Oct,No,Sun,No,Clear,2132,4692,6824,71
2012-10-22,Fall,2012,Oct,No,Mon,Yes,Clear,830,6228,7058,70
2012-10-23,Fall,2012,Oct,No,Tue,Yes,Clear,841,6625,7466,69
2012-10-24,Fall,2012,Oct,No,Wed,Yes,Clear,795,6898,7693,68
2012-10-25,Fall,2012,Oct,No,Thu,Yes,Mist,875,6484,7359,67
2012-10-26,Fall,2012,Oct,No,Fri,Yes,Mist,1182,6262,7444,66
2012-10-27,Fall,2012,Oct,No,Sat,No,Clear,2643,5209,7852,65
2012-10-28,Fall,2012,Oct,No,Sun,No,Light Rain,998,3461,4459,64
2012-10-29,Fall,2012,Oct,No,Mon,Yes,Light Rain,2,20,22,63
2012-10-30,Fall,2012,Oct,No,Tue,Yes,Light Rain,87,1009,1096,62
2012-10-31,Fall,2012,Oct,No,Wed,Yes,Mist,419,5147,5566,61
2012-11-01,Fall,2012,Nov,No,Thu,Yes,Clear,466,5520,5986,60
2012-11-02,Fall,2012,Nov,No,Fri,Yes,Clear,618,5229,5847,59
2012-11-03,Fall,2012,Nov,No,Sat,No,Clear,1029,4109,5138,58
2012-11-04,Fall,2012,Nov,No,Sun,No,Clear,1201,3906,5107,57
2012-11-05,Fall,2012,Nov,No,Mon,Yes,Mist,378,4881,5259,56
2012-11-06,Fall,2012,Nov,No,Tue,Yes,Clear,466,5220,5686,55
2012-11-07,Fall,2012,Nov,No,Wed,Yes,Mist,326,4709,5035,54
2012-11-08,Fall,2012,Nov,No,Thu,Yes,Light Rain,340,4975,5315,53
2012-11-09,Fall,2012,Nov,No,Fri,Yes,Clear,709,5283,5992,52
2012-11-10,Fall,2012,Nov,No,Sat,No,Clear,2090,4446,6536,51
2012-11-11,Fall,2012,Nov,No,Sun,No,Clear,2290,4562,6852,50
2012-11-12,Fall,2012,Nov,Yes,Mon,No,Clear,1097,5172,6269,49
2012-11-13,Fall,2012,Nov,No,Tue,Yes,Mist,327,3767,4094,48
2012-11-14,Fall,2012,Nov,No,Wed,Yes,Clear,373,5122,5495,47
2012-11-15,Fall,2012,Nov,No,Thu,Yes,Mist,320,5125,5445,46
2012-11-16,Fall,2012,Nov,No,Fri,Yes,Mist,484,5214,5698,45
2012-11-17,Fall,2012,Nov,No,Sat,No,Clear,1313,4316,5629,44
2012-11-18,Fall,2012,Nov,No,Sun,No,Mist,922,3747,4669,43
2012-11-19,Fall,2012,Nov,No,Mon,Yes,Clear,449,5050,5499,42
2012-11-20,Fall,2012,Nov,No,Tue,Yes,Clear,534,5100,5634,41
2012-11-21,Fall,2012,Nov,No,Wed,Yes,Clear,615,4531,5146,40
2012-11-22,Fall,2012,Nov,Yes,Thu,No,Clear,955,1470,2425,39
2012-11-23,Fall,2012,Nov,No,Fri,Yes,Clear,1603,2307,3910,38
2012-11-24,Fall,2012,Nov,No,Sat,No,Clear,532,1745,2277,37
2012-11-25,Fall,2012,Nov,No,Sun,No,Clear,309,2115,2424,36
2012-11-26,Fall,2012,Nov,No,Mon,Yes,Clear,337,4750,5087,35
2012-11-27,Fall,2012,Nov,No,Tue,Yes,Mist,123,3836,3959,34
2012-11-28,Fall,2012,Nov,No,Wed,Yes,Mist,198,5062,5260,33
2012-11-29,Fall,2012,Nov,No,Thu,Yes,Clear,243,5080,5323,32
2012-11-30,Fall,2012,Nov,No,Fri,Yes,Clear,362,5306,5668,31
2012-12-01,Fall,2012,Dec,No,Sat,No,Clear,951,4240,5191,30
2012-12-02,Fall,2012,Dec,No,Sun,No,Mist,892,3757,4649,29
2012-12-03,Fall,2012,Dec,No,Mon,Yes,Mist,555,5679,6234,28
2012-12-04,Fall,2012,Dec,No,Tue,Yes,Clear,551,6055,6606,27
2012-12-05,Fall,2012,Dec,No,Wed,Yes,Clear,331,5398,5729,26
2012-12-06,Fall,2012,Dec,No,Thu,Yes,Clear,340,5035,5375,25
2012-12-07,Fall,2012,Dec,No,Fri,Yes,Clear,349,4659,5008,24
2012-12-08,Fall,2012,Dec,No,Sat,No,Mist,1153,4429,5582,23
2012-12-09,Fall,2012,Dec,No,Sun,No,Mist,441,2787,3228,22
2012-12-10,Fall,2012,Dec,No,Mon,Yes,Light Rain,329,4841,5170,21
2012-12-11,Fall,2012,Dec,No,Tue,Yes,Light Rain,282,5219,5501,20
2012-12-12,Fall,2012,Dec,No,Wed,Yes,Clear,310,5009,5319,19
2012-12-13,Fall,2012,Dec,No,Thu,Yes,Mist,425,5107,5532,18
2012-12-14,Fall,2012,Dec,No,Fri,Yes,Clear,429,5182,5611,17
2012-12-15,Fall,2012,Dec,No,Sat,No,Clear,767,4280,5047,16
2012-12-16,Fall,2012,Dec,No,Sun,No,Mist,538,3248,3786,15
2012-12-17,Fall,2012,Dec,No,Mon,Yes,Mist,212,4373,4585,14
2012-12-18,Fall,2012,Dec,No,Tue,Yes,Mist,433,5124,5557,13
2012-12-19,Fall,2012,Dec,No,Wed,Yes,Clear,333,4934,5267,12
2012-12-20,Fall,2012,Dec,No,Thu,Yes,Clear,314,3814,4128,11
2012-12-21,Winter,2012,Dec,No,Fri,Yes,Light Rain,221,3402,3623,10
2012-12-22,Winter,2012,Dec,No,Sat,No,Clear,205,1544,1749,9
2012-12-23,Winter,2012,Dec,No,Sun,No,Clear,408,1379,1787,8
2012-12-24,Winter,2012,Dec,No,Mon,Yes,Clear,174,746,920,7
2012-12-25,Winter,2012,Dec,Yes,Tue,No,Light Rain,440,573,1013,6
2012-12-26,Winter,2012,Dec,No,Wed,Yes,Mist,9,432,441,5
2012-12-27,Winter,2012,Dec,No,Thu,Yes,Light Rain,247,1867,2114,4
2012-12-28,Winter,2012,Dec,No,Fri,Yes,Mist,644,2451,3095,3
2012-12-29,Winter,2012,Dec,No,Sat,No,Mist,159,1182,1341,2
2012-12-30,Winter,2012,Dec,No,Sun,No,Mist,364,1432,1796,1
2012-12-31,Winter,2012,Dec,No,Mon,Yes,Clear,439,2290,2729,0
